emp_id,emp_name,emp_age,emp_location,department_id
1001,emp_name1,25,pune,1
1002,emp_name2,24,nagpur,2
1003,emp_name3,28,dehli,3
1004,emp_name4,30,hydrabad,4
1005,emp_name5,23,banglor,5
1006,emp_name6,29,noida,6
1007,emp_name7,35,panjab,7
1008,emp_name8,36,nagpur,8
1009,emp_name9,25,navi mumbai,9
1010,emp_name10,40,kolkata,10
1011,emp_name1,38,pune,11
1012,emp_name12,42,lakahni,12
1013,emp_name13,55,bhandara,13
1014,emp_name14,45,jaipur,14
1015,emp_name15,50,surat,15
1016,emp_name16,30,hariyana,16
1017,emp_name17,22,pune,17
1018,emp_name18,37,mumbai,18
1019,emp_name19,52,banglor,19
1020,emp_name20,39,hydrabad,20
1021,emp_name21,25,pune,1
1022,emp_name22,34,nagpur,2
1023,emp_name23,58,surat,3
1024,emp_name24,32,hydrabad,4
1025,emp_name25,23,banglor,5
1026,emp_name26,29,noida,6
1027,emp_name27,45,banglor,7
1028,emp_name28,36,nagpur,8
1029,emp_name29,25,mumbai,9
1030,emp_name30,40,kolkata,10
1031,emp_name31,35,pune,11
1032,emp_name32,44,pune,12
1033,emp_name33,55,bhandara,13
1034,emp_name34,45,jaipur,14
1035,emp_name35,50,surat,15
1036,emp_name36,30,hariyana,16
1037,emp_name37,22,pune,17
1038,emp_name38,37,mumbai,18
1039,emp_name39,52,banglor,19
1040,emp_name20,39,hydrabad,20
1041,emp_name41,35,pune,1
1042,emp_name42,24,nagpur,2
1043,emp_name43,28,dehli,3
1044,emp_name44,30,jaipur,4
1045,emp_name45,43,kolkata,5
1046,emp_name46,29,noida,6
1047,emp_name47,35,panjab,7
1048,emp_name48,36,nagpur,8
1049,emp_name49,25,navi mumbai,9
1050,emp_name50,40,kolkata,10
1051,emp_name61,44,mumbai,11
1052,emp_name52,42,hydrabad,12
1053,emp_name53,55,bhandara,13
1054,emp_name54,45,jaipur,14
1055,emp_name55,50,surat,15
1056,emp_name56,30,hariyana,16
1057,emp_name57,22,pune,17
1058,emp_name58,37,mumbai,18
1059,emp_name59,52,banglor,19
1060,emp_name60,39,hydrabad,20
1061,emp_name61,35,kolkata,1
1062,emp_name62,44,banglor,2
1063,emp_name63,48,lakhani,3
1064,emp_name64,45,jaipur,4
1065,emp_name65,50,surat,5
1066,emp_name66,30,hariyana,6
1067,emp_name67,22,pune,7
1068,emp_name68,37,mumbai,8
1069,emp_name69,52,banglor,9
1070,emp_name89,52,banglor,10
1071,emp_name71,45,sangli,11
1072,emp_name72,24,goa,12
1073,emp_name73,28,dehli,13
1074,emp_name74,36,jaipur,14
1075,emp_name75,43,kolkata,15
1076,emp_name76,44,panjab,16
1077,emp_name77,25,amritsar,17
1078,emp_name78,36,nagpur,18
1079,emp_name79,25,navi mumbai,19
1080,emp_name50,47,pune,20
1081,emp_name81,54,mumbai,1
1082,emp_name82,42,hydrabad,2
1083,emp_name83,45,bhandara,3
1084,emp_name84,45,jaipur,4
1085,emp_name85,50,surat,5
1086,emp_name86,30,hariyana,6
1087,emp_name87,22,pune,7
1088,emp_name88,37,mumbai,8
1089,emp_name89,52,banglor,9
1090,emp_name90,39,hydrabad,10
1091,emp_name91,35,goa,11
1092,emp_name92,34,banglor,12
1093,emp_name93,48,hydrabad,13
1094,emp_name94,45,jaipur,14
1095,emp_name95,52,surat,15
1096,emp_name96,30,hariyana,16
1097,emp_name97,22,pune,17
1098,emp_name98,37,mumbai,18
1099,emp_name99,52,banglor,19
1100,emp_name100,52,banglor,20
1101,emp_name101,29,nagpur,1
1102,emp_name102,34,patna,2
1103,emp_name103,28,dehli,3
1104,emp_name104,30,hydrabad,4
1105,emp_name105,23,banglor,5
1106,emp_name106,29,noida,6
1107,emp_name107,35,surat,7
1108,emp_name108,36,nagpur,8
1109,emp_name109,25,navi mumbai,9
1110,emp_name110,40,kolkata,10
1111,emp_name111,38,pune,11
1112,emp_name112,42,lakahni,12
1113,emp_name113,55,bhandara,13
1114,emp_name114,45,jaipur,14
1115,emp_name115,50,surat,15
1116,emp_name116,30,hariyana,16
1117,emp_name117,22,pune,17
1118,emp_name118,37,mumbai,18
1119,emp_name119,52,navi mumbai,19
1120,emp_name120,39,hydrabad,20
1121,emp_name121,25,pune,1
1122,emp_name122,34,nagpur,2
1123,emp_name123,58,surat,3
1124,emp_name124,32,hydrabad,4
1125,emp_name125,23,banglor,5
1126,emp_name126,29,noida,6
1127,emp_name127,45,banglor,7
1128,emp_name128,36,nagpur,8
1129,emp_name129,25,mumbai,9
1130,emp_name130,40,kolkata,10
1131,emp_name131,35,pune,11
1132,emp_name132,44,pune,12
1133,emp_name133,55,bhandara,13
1134,emp_name134,45,jaipur,14
1135,emp_name135,50,surat,15
1136,emp_name136,30,hariyana,16
1137,emp_name137,22,pune,17
1138,emp_name138,37,mumbai,18
1139,emp_name139,52,banglor,19
1140,emp_name140,39,hydrabad,20
1141,emp_name141,35,pune,1
1142,emp_name142,24,nagpur,2
1143,emp_name143,28,dehli,3
1144,emp_name144,30,jaipur,4
1145,emp_name145,43,kolkata,5
1146,emp_name146,29,noida,6
1147,emp_name147,35,panjab,7
1148,emp_name148,36,nagpur,8
1149,emp_name149,25,navi mumbai,9
1150,emp_name150,40,kolkata,10
1151,emp_name161,44,mumbai,11
1152,emp_name152,42,hydrabad,12
1153,emp_name153,55,bhandara,13
1154,emp_name154,45,jaipur,14
1155,emp_name155,50,surat,15
1156,emp_name156,30,hariyana,16
1157,emp_name157,22,pune,17
1158,emp_name158,37,mumbai,18
1159,emp_name159,52,banglor,19
1160,emp_name160,39,hydrabad,20
1161,emp_name151,35,kolkata,1
1162,emp_name162,44,banglor,2
1163,emp_name163,48,lakhani,3
1164,emp_name164,45,jaipur,4
1165,emp_name165,50,surat,5
1166,emp_name166,30,hariyana,6
1167,emp_name167,22,pune,7
1168,emp_name168,37,mumbai,8
1169,emp_name169,52,banglor,9
1170,emp_name170,52,banglor,10
1171,emp_name171,45,sangli,11
1172,emp_name172,24,goa,12
1173,emp_name173,28,dehli,13
1174,emp_name174,36,jaipur,14
1175,emp_name175,43,kolkata,15
1176,emp_name176,44,panjab,16
1177,emp_name177,25,amritsar,17
1178,emp_name178,36,nagpur,18
1179,emp_name179,25,navi mumbai,19
1180,emp_name180,47,pune,20
1181,emp_name181,54,mumbai,1
1182,emp_name182,42,hydrabad,2
1183,emp_name183,45,bhandara,3
1184,emp_name184,45,jaipur,4
1185,emp_name185,50,surat,5
1186,emp_name186,30,hariyana,6
1187,emp_name187,22,pune,7
1188,emp_name188,37,mumbai,8
1189,emp_name189,52,banglor,9
1190,emp_name190,39,hydrabad,10
1191,emp_name191,35,goa,11
1192,emp_name192,34,banglor,12
1193,emp_name193,48,hydrabad,13
1194,emp_name194,45,jaipur,14
1195,emp_name195,52,surat,15
1196,emp_name196,30,hariyana,16
1197,emp_name197,22,pune,17
1198,emp_name198,37,mumbai,18
1199,emp_name199,52,banglor,19
1200,emp_name200,52,banglor,20
